{"name": "spherical", "nugget": 0, "range": 88802.1161255071, "sill": 650971.6955307082, "direction": null}